residue_number,bfactor_exp,bfactor_enm,bfactor_md
3,37.5,260.8192,
4,33.57,149.3522,
5,31.58,119.7566,65.9528
6,30.88,146.4774,46.2643
7,29.82,125.0398,35.5527
8,27.53,68.1989,47.525
9,29.35,72.147,46.7059
10,31.31,99.7705,31.6125
11,35.71,75.0491,33.492
12,35.38,49.8816,47.8255
13,40.7,53.2403,42.1313
14,42.86,55.1367,32.8461
15,47.17,60.2747,37.6692
16,46.09,54.5682,33.513
17,42.48,43.5967,38.6446
18,41.64,51.3151,37.406
19,41.85,47.8551,32.3765
20,41.12,42.8982,33.8041
21,33.21,38.4658,31.0101
22,26.83,33.1427,29.0919
23,25.47,30.4784,25.5083
24,21.44,18.0538,21.5597
25,23.67,21.3718,19.5313
26,29.04,19.5531,16.7835
27,28.51,26.7813,21.5101
28,30.23,27.6871,21.9838
29,32.38,32.342,29.5523
30,31.29,22.5574,30.8184
31,33.11,30.3117,32.3536
32,30.32,26.9875,28.1147
33,24.17,19.4412,33.7033
34,21.99,20.7507,23.228
35,19.72,23.6008,16.796
36,20.07,27.5954,15.0081
37,26.69,41.8016,15.6062
38,31.75,44.7966,16.7149
39,29.06,39.6655,24.2721
40,28.33,30.4753,29.007
41,22.35,22.8041,26.3549
42,21.49,17.6215,20.7825
43,18.96,11.4043,14.7448
44,23.46,13.6393,13.3661
45,29.95,16.7596,9.7014
46,44.09,26.6053,13.1357
47,58.51,50.9197,16.6272
48,68.03,148.0866,27.718
49,70.8,181.4463,47.9896
50,64.2,121.2009,85.791
51,57.38,101.1056,82.6206
52,51.39,33.4654,73.4671
53,44.82,17.9535,58.0999
54,34.74,16.2186,34.3572
55,26.85,12.0336,20.7693
56,23.56,12.5211,15.4342
57,24.34,17.3285,15.9452
58,21.84,18.5994,15.1391
59,26.23,27.939,17.2639
60,26.48,34.8964,15.4213
61,21.72,35.0547,19.7303
62,20.25,20.7094,23.4304
63,18.79,14.8209,21.3667
64,18.69,11.4498,13.9743
65,15.45,10.941,13.2553
66,16.64,10.6692,11.9813
67,19.91,9.5878,14.9166
68,25.5,15.3313,14.1097
69,30.86,19.2491,17.6517
70,38.14,19.0085,23.5346
71,48.84,44.333,20.5372
72,51.18,60.8266,28.9054
73,47.83,58.3595,57.1783
74,43.2,34.5545,87.5073
75,35.38,22.9168,76.9171
76,25.26,14.4852,39.8549
77,20.8,12.2376,29.9749
78,18.99,12.07,21.8016
79,20.53,14.3985,19.3497
80,18.35,14.0754,14.7618
81,25.23,20.9799,13.374
82,27.61,27.4422,11.6429
83,35.47,34.9021,15.3981
84,35.63,45.0366,17.7783
85,37.2,48.3263,24.5026
86,37.47,39.136,29.4853
87,36.25,44.3798,33.7469
88,29.6,35.7036,27.2529
89,31.13,39.5788,28.3264
90,31.89,34.6159,21.7732
91,28.48,37.1437,22.1828
92,29.45,35.1968,23.9493
93,29.03,33.0071,26.7545
94,36.49,57.6273,31.2153
95,36.02,50.584,27.4378
96,29.29,40.3894,42.4966
97,33.55,57.4226,38.7925
98,36.2,64.8837,29.5607
99,36.62,53.2133,35.7423
100,37.09,48.7488,45.0131
101,38.92,83.9838,36.6744
102,35.39,97.0899,32.3278
103,31.14,70.2931,49.3687
104,30.79,54.6845,52.4672
105,30.08,60.426,39.4976
106,27.72,42.0173,31.0758
107,24.86,31.1378,27.0986
108,24.05,35.0023,26.7585
109,23.04,34.668,18.7847
110,20.41,21.3959,17.1135
111,19.25,14.4369,17.8796
112,16.35,15.9744,13.5944
113,16.03,12.3647,12.3211
114,16.47,7.5252,12.3036
115,15.14,8.0165,11.1243
116,17.71,9.5525,9.6293
117,15.54,7.574,9.7435
118,16.78,6.4166,10.6775
119,18.19,8.6527,8.662
120,17.21,9.7929,8.4079
121,16.96,8.299,11.5303
122,18.03,8.7073,12.4468
123,25.13,11.2146,10.9084
124,24.09,11.3406,11.882
125,21.68,10.9736,17.22
126,24.91,15.7044,18.1742
127,28.6,14.3431,17.6376
128,30.33,13.06,24.8467
129,29.88,15.2015,24.8574
130,30.98,18.6295,22.0174
131,34.61,25.3543,26.7664
132,37.74,35.5306,32.7436
133,35.42,36.5567,39.2213
134,35.47,44.7091,51.7318
135,34.95,36.6981,41.9521
136,34.22,21.7078,40.5219
137,37.0,24.0945,43.2764
138,42.36,51.6482,36.7879
139,47.37,55.6279,29.2867
140,45.91,38.2433,44.1402
141,49.15,60.2929,51.4877
142,56.87,98.4319,43.862
143,61.9,108.8838,51.3429
144,66.62,109.3732,79.6263
145,71.64,149.3665,86.8051
146,77.9,216.7684,81.3414
147,81.38,240.9184,110.4337
148,85.22,413.3408,164.519
149,88.31,361.2422,173.5356
150,91.04,232.0221,223.5571
151,95.9,312.1847,193.5349
152,97.89,387.2128,138.3285
153,98.73,401.5478,188.863
154,99.3,624.0018,229.6436
155,97.74,433.3806,214.714
156,93.14,329.6527,279.1875
157,88.37,251.0145,242.9022
158,82.99,191.6235,206.6165
159,75.47,140.4166,167.5801
160,71.0,131.6402,117.5398
161,63.07,79.2515,88.8924
162,57.08,60.427,92.2015
163,54.17,39.7683,86.1234
164,50.64,39.2049,73.7053
165,46.16,29.8808,59.1445
166,38.14,18.7355,50.2627
167,39.22,19.942,42.8718
168,41.91,20.0501,25.0935
169,38.23,17.7155,24.1109
170,39.68,16.3528,22.6154
171,44.32,25.6725,22.9738
172,47.86,33.8289,24.9933
173,51.8,56.7154,26.7608
174,52.49,54.3436,29.0184
175,49.38,92.9426,49.7157
176,40.5,71.2261,52.8739
177,35.98,39.1658,62.4246
178,37.4,66.9814,48.4419
179,41.27,87.822,30.248
180,41.32,64.8574,41.6697
181,43.03,74.6664,50.7423
182,50.94,113.4499,38.2939
183,53.14,130.8142,37.807
184,56.57,124.7081,59.7891
185,63.65,163.7888,64.4599
186,69.36,240.7384,60.5783
187,73.81,248.1626,80.781
188,75.69,272.6897,110.4149
189,73.3,206.3222,115.2688
190,70.32,160.7696,126.9493
191,69.26,186.8056,103.725
192,65.45,178.4675,85.1445
193,63.35,241.7423,108.8809
194,62.3,244.1691,118.2804
195,63.54,146.6364,182.5481
196,63.59,151.4404,200.058
197,64.57,130.7846,125.2236
198,68.59,173.5911,73.2064
199,73.17,150.565,63.5427
203,61.31,283.199,101.6681
204,56.49,206.8764,113.1464
205,51.49,193.3013,
206,45.98,177.4257,
207,39.05,156.0884,
208,33.29,108.138,57.7312
209,33.47,91.8359,39.0743
210,33.72,127.2101,29.7338
211,31.15,109.2477,39.8615
212,26.61,58.9208,35.545
213,30.64,62.1361,23.9919
214,34.64,54.8175,27.6387
215,40.13,62.1612,37.8909
216,45.14,52.0828,30.7093
217,45.59,43.1877,25.7286
218,43.93,50.6661,29.1834
219,43.04,44.2017,30.3384
220,42.14,40.7802,35.4217
221,36.66,37.2761,38.6871
222,32.17,31.3069,36.3862
223,27.53,29.122,39.6924
224,24.08,17.3271,36.5749
225,27.46,20.8557,33.2698
226,28.26,19.1677,29.2901
227,29.64,26.8716,23.6275
228,31.14,27.9759,20.6989
229,31.02,32.5442,19.5407
230,22.82,23.1526,23.1509
231,21.92,29.4844,20.1333
232,22.59,23.9827,23.5302
233,23.0,18.0221,25.4108
234,23.63,18.6818,24.7043
235,23.79,21.2824,22.793
236,23.81,24.8834,25.0162
237,27.51,38.314,18.7752
238,30.76,40.8661,14.4691
239,27.25,36.0309,14.0812
240,24.69,27.2831,14.811
241,21.82,20.8674,17.7429
242,21.5,16.0999,25.4198
243,19.84,10.4306,32.5041
244,23.34,12.2614,33.6422
245,26.32,14.3987,26.7743
246,33.59,19.5053,22.8127
247,42.08,37.7205,19.842
248,51.01,118.4979,13.396
249,51.82,106.668,14.9189
250,45.38,55.0203,16.237
251,37.83,49.0749,21.4863
252,32.4,21.2092,37.1412
253,26.83,13.7179,66.5991
254,24.91,13.4281,80.2349
255,23.88,10.8788,83.7212
256,24.53,11.0634,40.9685
257,27.09,15.8906,28.3997
258,26.78,16.2978,21.7734
259,30.91,24.9511,17.422
260,33.18,31.8463,16.3468
261,26.13,31.7037,17.2981
262,22.48,18.2013,21.8882
263,19.17,12.9582,17.532
264,17.03,10.3722,22.9466
265,16.39,10.3035,25.6243
266,17.23,9.9048,22.5327
267,20.43,9.5139,15.4327
268,21.69,14.8196,12.4751
269,24.24,19.3464,11.1827
270,30.06,20.4008,11.6641
271,41.96,44.3581,11.5976
272,45.97,64.7609,13.5853
273,40.72,57.0384,21.1165
274,34.93,32.6167,18.1727
275,29.93,23.4456,23.0139
276,21.57,14.781,35.2979
277,16.97,12.4377,61.9052
278,18.32,11.879,59.6856
279,23.2,13.8521,25.1264
280,21.02,13.4083,21.5898
281,27.43,19.8268,16.0005
282,30.21,25.7519,15.3423
283,37.15,32.0698,13.8449
284,37.28,41.7542,14.0141
285,36.68,45.2529,13.4552
286,37.7,37.0189,20.5464
287,38.69,41.5661,24.7049
288,33.65,33.5664,31.4978
289,29.68,37.1578,35.3516
290,28.84,31.8825,37.979
291,25.66,34.6807,33.688
292,25.41,33.6115,29.7086
293,25.02,31.3738,20.5665
294,32.78,55.5202,19.5097
295,33.93,50.4279,19.4665
296,30.79,38.705,19.9628
297,34.26,54.8228,23.1648
298,39.55,67.4264,20.4062
299,41.84,54.9016,31.7601
300,45.67,47.6004,27.9871
301,50.92,85.1967,20.7222
302,48.55,101.2029,26.4187
303,47.85,70.1072,35.2276
304,44.71,52.4307,26.3659
305,41.17,57.2435,23.6556
306,35.07,40.2195,39.356
307,31.23,28.0862,36.6363
308,33.36,26.1473,28.7268
309,30.82,22.7514,26.6155
310,23.6,14.6029,26.5024
311,22.42,12.4781,24.4675
312,18.95,13.4779,17.3586
313,18.53,10.5183,17.22
314,17.98,6.9706,18.9509
315,15.82,7.176,15.3721
316,19.27,8.5382,12.8492
317,16.38,6.9575,15.2528
318,17.68,6.0603,13.1767
319,20.74,8.0812,10.0059
320,20.51,9.2197,11.3742
321,18.8,7.9921,13.4043
322,20.47,8.6773,10.0012
323,28.53,11.5506,8.7699
324,27.15,12.0077,11.4642
325,30.13,11.7917,13.2539
326,32.58,17.1506,10.7463
327,34.09,14.5236,10.9727
328,32.78,13.3907,15.5555
329,33.74,16.4177,16.3878
330,36.54,18.8102,15.6173
331,31.77,23.9738,19.5889
332,27.55,33.1225,21.836
333,24.52,36.2214,19.9923
334,21.12,42.1889,22.9652
335,20.34,34.3975,20.9959
336,21.21,20.3225,23.7902
337,19.89,20.0429,33.095
338,23.93,39.9685,30.523
339,28.48,45.8458,33.322
340,26.27,32.2807,35.284
341,28.58,48.1018,28.8489
342,33.17,74.4698,26.2224
343,35.29,90.7916,46.6488
344,34.23,91.8194,51.1818
345,37.21,114.7433,43.0331
346,41.84,168.8996,60.3227
347,45.14,197.8982,94.8902
348,48.06,293.9092,95.2482
349,51.55,256.7899,89.6248
350,52.68,182.7403,133.9892
351,57.9,242.2466,187.6464
352,58.4,287.8543,162.7779
353,54.96,270.8924,203.5914
354,55.57,437.924,160.4513
355,53.97,299.3442,134.9204
356,50.87,227.4034,204.619
357,47.7,172.032,275.3093
358,45.86,150.5475,277.8491
359,40.89,119.9238,386.6474
360,42.6,115.061,332.7623
361,36.85,78.7509,273.055
362,35.6,59.8134,190.5817
363,36.67,40.0527,131.7722
364,33.98,35.6428,89.0689
365,27.89,31.7835,85.956
366,20.42,18.3033,54.5072
367,20.28,16.8222,61.0364
368,22.81,15.4229,72.572
369,19.72,14.8063,94.4697
370,19.81,14.6392,67.3322
371,23.06,16.0199,35.9563
372,25.49,23.2328,34.1598
373,31.41,36.1076,32.8474
374,37.76,38.9414,33.3531
375,38.38,67.7421,33.0037
376,30.42,50.6545,37.6064
377,25.73,29.304,33.6226
378,29.0,49.451,55.1049
379,30.1,61.3369,67.9016
380,27.71,46.4463,97.6575
381,27.47,51.2221,62.3735
382,31.31,75.7471,33.6082
383,30.2,91.1476,65.2989
384,32.31,89.0215,76.0901
385,40.73,111.1894,45.3541
386,43.66,165.9174,50.7036
387,44.65,180.1255,87.9937
388,43.74,199.2455,86.9371
389,39.18,156.8735,77.6179
390,38.99,114.4749,108.9857
391,46.83,126.3728,151.01
392,55.06,109.433,147.4286
393,64.46,173.6382,162.3206
394,64.97,194.1876,125.4174
395,62.09,112.1162,103.4642
396,50.78,117.5847,115.9522
397,40.37,99.3849,102.1762
398,37.58,124.3934,208.5684
399,37.04,112.3843,178.021
